Source,Target
tanjelein__,windimatze
tanjelein__, jonathanwunden
tanjelein__,kaymcv
tanjelein__, amb3r_ward3n
tanjelein__, beethyl
tanjelein__, jonas_drei14
tanjelein__,labuhnski
tanjelein__, __esther__may
tanjelein__, leyannik
tanjelein__, lisakarajica
tanjelein__,skimonbikehard
tanjelein__, anja_nemanja_stefan_
tanjelein__, kaca_djurovic_vojinovic
tanjelein__,sarah_zmhl
tanjelein__, raclaw92
tanjelein__, nikolijamomcilovic
tanjelein__, triathlon_ssvulm1846
tanjelein__, moritz.frmdlng
tanjelein__,julia_franziska__
tanjelein__, flokub83_tri_ulm
tanjelein__, p_rapp
tanjelein__, johannes_ret
